,cEXT,cNEU,cCON,cAGR,cOPN
GaussianNB,0.5926750119404338,0.5462608868178268,0.5776867290043813,0.5782829294827871,0.5940628615389265
LogisticRegression,0.583205771614813,0.5993513076006856,0.5812205718400224,0.585960612007182,0.6320350835239095
RandomForestClassifier,0.6167194651736799,0.6119391855802919,0.62705853407606,0.5863774596143979,0.6389932194103166
SVC,0.6762664250768162,0.6838522960123878,0.6766752247987865,0.6658112366873197,0.7028030948553318
CNN,0.9494486048298219,0.952259944667342,0.9644511768800649,0.9545953095393032,0.9720955182102917
